{
	"carName": "lamborghini_huracan_gt3_evo2",
	"basicSetup":
	{
		"tyres":
		{
			"tyreCompound": 0,
			"tyrePressure": [ 47, 52, 43, 46 ]
		},
		"alignment":
		{
			"camber": [ 0, 0, 0, 0 ],
			"toe": [ 25, 25, 52, 52 ],
			"staticCamber": [ -3.9198603630065918, -3.9165940284729004, -3.0441551208496094, -3.0420050621032715 ],
			"toeOutLinear": [ 0.00088568689534440637, 0.00088569981744512916, 0.00042413780465722084, 0.00042413282790221274 ],
			"casterLF": 29,
			"casterRF": 29,
			"steerRatio": 2
		},
		"electronics":
		{
			"tC1": 3,
			"tC2": 0,
			"abs": 3,
			"eCUMap": 3,
			"fuelMix": 0,
			"telemetryLaps": 0
		},
		"strategy":
		{
			"fuel": 13,
			"nPitStops": 0,
			"tyreSet": 0,
			"frontBrakePadCompound": 0,
			"rearBrakePadCompound": 0,
			"pitStrategy": [
				{
					"fuelToAdd": 0,
					"tyres":
					{
						"tyreCompound": 0,
						"tyrePressure": [ 47, 52, 43, 46 ]
					},
					"tyreSet": 2,
					"frontBrakePadCompound": 1,
					"rearBrakePadCompound": 1
				}
			],
			"fuelPerLap": 2.6500000953674316
		}
	},
	"advancedSetup":
	{
		"mechanicalBalance":
		{
			"aRBFront": 3,
			"aRBRear": 2,
			"wheelRate": [ 1, 1, 1, 1 ],
			"bumpStopRateUp": [ 3, 3, 2, 2 ],
			"bumpStopRateDn": [ 0, 0, 10, 10 ],
			"bumpStopWindow": [ 10, 10, 40, 40 ],
			"brakeTorque": 20,
			"brakeBias": 28
		},
		"dampers":
		{
			"bumpSlow": [ 25, 25, 20, 20 ],
			"bumpFast": [ 22, 22, 24, 24 ],
			"reboundSlow": [ 17, 17, 20, 20 ],
			"reboundFast": [ 28, 28, 32, 32 ]
		},
		"aeroBalance":
		{
			"rideHeight": [ 0, 6, 9, 18 ],
			"rodLength": [ -3.0598726272583008, -3.0598726272583008, 9.7812795639038086, 9.7812795639038086 ],
			"splitter": 0,
			"rearWing": 12,
			"brakeDuct": [ 3, 2 ]
		},
		"drivetrain":
		{
			"preload": 8
		}
	},
	"trackBopType": 37
}