{
	"carName": "lamborghini_huracan_gt3_evo2",
	"basicSetup":
	{
		"tyres":
		{
			"tyreCompound": 0,
			"tyrePressure": [ 58, 66, 49, 55 ]
		},
		"alignment":
		{
			"camber": [ 2, 2, 0, 0 ],
			"toe": [ 34, 34, 45, 45 ],
			"staticCamber": [ -3.7275171279907227, -3.723374605178833, -2.4790856838226318, -2.4744019508361816 ],
			"toeOutLinear": [ 0.00057731173001229763, 0.00057730893604457378, 0.00017311912961304188, 0.00017313844000454992 ],
			"casterLF": 25,
			"casterRF": 25,
			"steerRatio": 2
		},
		"electronics":
		{
			"tC1": 2,
			"tC2": 0,
			"abs": 2,
			"eCUMap": 1,
			"fuelMix": 0,
			"telemetryLaps": 0
		},
		"strategy":
		{
			"fuel": 13,
			"nPitStops": 0,
			"tyreSet": 0,
			"frontBrakePadCompound": 0,
			"rearBrakePadCompound": 0,
			"pitStrategy": [
				{
					"fuelToAdd": 0,
					"tyres":
					{
						"tyreCompound": 0,
						"tyrePressure": [ 58, 66, 49, 55 ]
					},
					"tyreSet": 2,
					"frontBrakePadCompound": 1,
					"rearBrakePadCompound": 1
				}
			],
			"fuelPerLap": 3.1059627532958984
		}
	},
	"advancedSetup":
	{
		"mechanicalBalance":
		{
			"aRBFront": 3,
			"aRBRear": 5,
			"wheelRate": [ 1, 1, 1, 1 ],
			"bumpStopRateUp": [ 7, 7, 7, 7 ],
			"bumpStopRateDn": [ 0, 0, 10, 10 ],
			"bumpStopWindow": [ 4, 4, 18, 18 ],
			"brakeTorque": 20,
			"brakeBias": 4
		},
		"dampers":
		{
			"bumpSlow": [ 22, 22, 24, 24 ],
			"bumpFast": [ 18, 18, 20, 20 ],
			"reboundSlow": [ 26, 26, 25, 25 ],
			"reboundFast": [ 28, 28, 30, 30 ]
		},
		"aeroBalance":
		{
			"rideHeight": [ 3, 6, 0, 18 ],
			"rodLength": [ -0.52044594287872314, -0.52044594287872314, 0.51921641826629639, 0.51921641826629639 ],
			"splitter": 0,
			"rearWing": 0,
			"brakeDuct": [ 3, 2 ]
		},
		"drivetrain":
		{
			"preload": 10
		}
	},
	"trackBopType": 31
}